,player_id,player_name,overall,10sec_down_3,30sec_down_3,1min_down_5,3min _down_5,5min _down_5,30sec_plusminus_5,1min_plusminus_5,3min_plusminus_5,5min_plusminus_5
0,203518,Alex Abrines,2.0,0.0,0.0,0.1,0.1,0.1,0.0,0.1,0.1,0.1
1,203112,Quincy Acy,1.8,0.0,0.0,0.0,0.0,0.2,0.0,0.0,0.0,0.1
2,203500,Steven Adams,4.7,0.0,0.0,0.1,0.1,0.2,0.0,0.1,0.1,0.2
4,201167,Arron Afflalo,3.0,0.0,0.1,0.1,0.2,0.2,0.1,0.1,0.2,0.3
5,202332,Cole Aldrich,0.7,0.0,0.0,0.0,0.0,0.0,0.0,0.0,0.0,0.0
6,200746,LaMarcus Aldridge,6.9,0.1,0.2,0.2,0.3,0.5,0.2,0.2,0.4,0.6
9,2754,Tony Allen,3.9,0.0,0.0,0.0,0.1,0.3,0.0,0.0,0.2,0.3
10,202329,Al-Farouq Aminu,3.0,0.0,0.0,0.1,0.1,0.3,0.0,0.1,0.1,0.3
11,1626147,Justin Anderson,2.5,0.0,0.3,0.2,0.2,0.2,0.2,0.1,0.1,0.1
12,203937,Kyle Anderson,1.3,0.0,0.0,0.0,0.0,0.1,0.0,0.0,0.0,0.1
13,201583,Ryan Anderson,4.5,0.0,0.0,0.0,0.2,0.3,0.0,0.0,0.2,0.3
15,203507,Giannis Antetokounmpo,8.2,0.1,0.1,0.2,0.5,0.6,0.1,0.2,0.6,0.7
16,2546,Carmelo Anthony,8.1,0.4,0.4,0.4,0.7,0.7,0.3,0.4,0.8,1.0
19,2772,Trevor Ariza,4.1,0.1,0.1,0.1,0.1,0.1,0.1,0.0,0.1,0.1
20,201589,Darrell Arthur,2.3,0.0,0.0,0.0,0.0,0.0,0.0,0.0,0.1,0.3
22,201600,Omer Asik,1.0,0.0,0.0,0.0,0.0,0.0,0.0,0.0,0.0,0.0
23,201571,D.J. Augustin,2.5,0.0,0.0,0.0,0.1,0.1,0.0,0.0,0.0,0.1
24,202337,Luke Babbitt,1.7,0.0,0.0,0.0,0.0,0.0,0.0,0.0,0.0,0.0
26,1627758,Ron Baker,1.6,0.0,0.0,0.0,0.2,0.1,0.0,0.0,0.1,0.1
27,1627735,Wade Baldwin IV,1.1,0.0,0.0,0.0,0.0,0.3,0.0,0.0,0.0,0.2
29,200826,J.J. Barea,4.1,0.0,0.0,0.0,0.4,0.4,0.0,0.0,0.9,1.0
30,203084,Harrison Barnes,7.6,0.1,0.2,0.2,0.4,0.9,0.2,0.3,0.5,0.9
31,203115,Will Barton,4.9,0.0,0.0,0.1,0.2,0.1,0.0,0.3,0.6,0.5
32,201587,Nicolas Batum,5.1,0.0,0.1,0.3,0.4,0.5,0.0,0.2,0.4,0.6
33,201573,Jerryd Bayless,3.7,0.0,1.0,2.0,3.0,1.5,1.0,2.0,3.0,1.5
34,203382,Aron Baynes,1.9,0.0,0.0,0.0,0.0,0.0,0.0,0.0,0.1,0.1
35,203145,Kent Bazemore,4.0,0.0,0.0,0.1,0.2,0.4,0.1,0.2,0.2,0.4
36,203078,Bradley Beal,8.3,0.0,0.1,0.2,0.5,0.7,0.0,0.2,0.5,0.8
37,1627736,Malik Beasley,1.5,0.0,0.0,0.0,0.0,0.0,0.0,0.0,0.0,0.0
38,201563,Michael Beasley,3.9,0.0,0.0,0.0,0.0,0.3,0.0,0.0,0.0,0.6
39,201158,Marco Belinelli,3.6,0.0,0.0,0.1,0.1,0.2,0.0,0.0,0.1,0.2
41,1627761,DeAndre' Bembry,1.2,0.0,0.0,0.0,0.0,0.0,0.5,0.3,0.3,0.3
42,1627733,Dragan Bender,1.3,0.0,0.0,0.0,0.0,0.0,0.0,0.0,0.0,0.0
43,202722,Davis Bertans,1.5,0.0,0.0,0.0,0.8,0.8,0.0,0.0,0.5,0.4
44,201976,Patrick Beverley,3.4,0.0,0.0,0.0,0.1,0.1,0.0,0.0,0.0,0.1
47,202687,Bismack Biyombo,2.2,0.0,0.0,0.0,0.0,0.0,0.0,0.0,0.0,0.0
48,202357,Nemanja Bjelica,2.3,0.0,0.0,0.1,0.1,0.1,0.0,0.2,0.2,0.2
49,204028,Tarik Black,2.2,0.0,0.0,0.0,0.0,0.2,0.0,0.0,0.0,0.2
51,202339,Eric Bledsoe,6.8,0.2,0.3,0.4,0.7,0.9,0.3,0.4,0.8,1.0
54,202711,Bojan Bogdanovic,4.6,0.0,0.1,0.3,0.3,0.4,0.0,0.3,0.3,0.4
55,101106,Andrew Bogut,1.4,0.0,0.0,0.0,0.0,0.0,0.0,0.0,0.0,0.0
57,1626164,Devin Booker,7.8,0.2,0.2,0.3,0.5,0.8,0.2,0.3,0.6,0.8
58,202344,Trevor Booker,4.3,0.0,0.0,0.1,0.2,0.4,0.0,0.0,0.2,0.4
59,202340,Avery Bradley,6.5,0.0,0.0,0.1,0.4,0.5,0.0,0.1,0.5,0.7
61,201147,Corey Brewer,1.8,0.0,0.0,0.0,0.0,0.1,0.0,0.0,0.0,0.1
62,1627763,Malcolm Brogdon,3.9,0.0,0.0,0.0,0.3,0.3,0.1,0.1,0.4,0.3
63,201166,Aaron Brooks,1.9,0.0,0.0,0.0,0.5,0.5,0.0,0.0,0.5,0.5
65,201628,Bobby Brown,0.9,0.0,0.0,0.0,0.0,0.0,0.0,0.0,0.0,0.0
66,1627759,Jaylen Brown,2.5,0.0,0.0,0.1,0.1,0.2,0.0,0.1,0.2,0.3
70,1627852,Nicolas Brussino,1.0,0.0,0.0,0.0,0.0,0.0,0.0,0.0,0.3,0.3
72,203493,Reggie Bullock,1.7,0.0,0.0,0.2,0.4,0.3,0.0,0.2,0.4,0.3
73,203504,Trey Burke,2.0,0.0,0.0,0.0,0.0,0.0,0.0,0.0,0.0,0.0
74,202692,Alec Burks,2.4,0.0,0.0,0.0,0.3,0.3,0.0,0.0,0.2,0.4
75,202710,Jimmy Butler,7.5,0.2,0.3,0.8,1.0,1.2,0.3,0.6,0.9,1.2
78,101181,Jose Calderon,1.3,0.0,0.0,0.0,0.0,0.0,0.0,0.0,0.0,0.0
79,203484,Kentavious Caldwell-Pope,4.9,0.1,0.2,0.3,0.6,0.8,0.2,0.3,0.6,0.8
80,203477,Isaiah Canaan,1.6,0.0,0.0,0.2,0.2,0.2,0.0,0.1,0.1,0.1
81,203991,Clint Capela,5.6,0.0,0.0,0.2,0.2,0.2,0.0,0.1,0.3,0.2
82,201960,DeMarre Carroll,3.1,0.0,0.0,0.0,0.0,0.1,0.1,0.1,0.1,0.1
83,1713,Vince Carter,2.6,0.0,0.0,0.1,0.0,0.1,0.0,0.1,0.1,0.1
84,203487,Michael Carter-Williams,2.5,0.0,0.0,0.0,0.3,0.3,0.1,0.1,0.3,0.5
86,201956,Omri Casspi,2.1,0.0,0.0,0.0,0.0,0.0,0.0,0.0,0.0,0.0
87,1626161,Willie Cauley-Stein,3.4,0.1,0.3,0.4,0.6,0.7,0.3,0.4,0.7,0.8
90,2199,Tyson Chandler,3.3,0.0,0.0,0.0,0.2,0.2,0.0,0.0,0.2,0.2
91,201163,Wilson Chandler,6.1,0.0,0.1,0.3,0.4,0.5,0.1,0.2,0.3,0.4
92,1627737,Marquese Chriss,3.5,0.0,0.0,0.1,0.3,0.3,0.0,0.1,0.3,0.4
93,203546,Ian Clark,2.7,0.0,0.0,0.0,0.0,0.0,0.0,0.0,0.0,0.0
94,203903,Jordan Clarkson,5.8,0.0,0.0,0.2,0.4,0.5,0.0,0.1,0.5,0.6
100,201954,Darren Collison,5.0,0.2,0.1,0.1,0.2,0.5,0.1,0.1,0.2,0.5
101,2555,Nick Collison,0.7,0.0,0.0,0.0,0.0,0.0,0.0,0.0,0.0,0.0
102,201144,Mike Conley,6.7,0.1,0.1,0.2,0.4,0.6,0.1,0.2,0.6,0.9
103,1626192,Pat Connaughton,0.9,0.0,0.0,0.0,0.3,0.3,0.0,0.0,0.3,0.3
104,1626188,Quinn Cook,2.4,0.0,0.0,0.0,0.0,0.0,0.0,0.0,0.0,0.0
108,202326,DeMarcus Cousins,9.0,0.2,0.4,0.6,0.9,1.0,0.3,0.5,1.0,1.2
109,203496,Robert Covington,4.4,0.2,0.2,0.2,0.3,0.4,0.1,0.2,0.2,0.4
110,203459,Allen Crabbe,3.8,0.0,0.0,0.0,0.1,0.2,0.0,0.1,0.1,0.2
112,2037,Jamal Crawford,4.4,0.0,0.1,0.3,0.5,0.6,0.1,0.2,0.4,0.5
113,202348,Jordan Crawford,5.5,0.0,0.0,0.0,0.0,0.2,0.0,0.2,0.3,0.9
114,203109,Jae Crowder,4.6,0.0,0.0,0.0,0.1,0.3,0.0,0.0,0.2,0.3
115,201967,Dante Cunningham,2.6,0.0,0.0,0.0,0.0,0.0,0.0,0.0,0.0,0.0
116,201939,Stephen Curry,8.5,0.0,0.1,0.3,0.6,1.0,0.1,0.2,0.5,1.1
117,203584,Troy Daniels,2.8,0.0,0.1,0.1,0.4,0.5,0.1,0.1,0.5,0.5
118,203076,Anthony Davis,10.3,0.0,0.2,0.4,0.7,0.7,0.2,0.4,1.0,1.1
119,1627738,Deyonta Davis,0.7,0.0,0.0,0.0,0.0,0.0,0.0,0.0,0.0,0.0
120,202334,Ed Davis,1.6,0.0,0.0,0.0,0.0,0.1,0.0,0.0,0.0,0.1
121,201942,DeMar DeRozan,9.7,0.1,0.2,0.4,0.8,1.0,0.3,0.4,1.0,1.4
122,203473,Dewayne Dedmon,2.1,0.0,0.0,0.0,0.1,0.1,0.0,0.0,0.1,0.1
123,1626155,Sam Dekker,2.6,0.0,0.0,1.0,1.0,3.0,0.0,0.3,0.3,1.0
124,1627098,Malcolm Delaney,2.0,0.0,0.0,0.0,0.2,0.1,0.0,0.0,0.1,0.1
125,203521,Matthew Dellavedova,2.7,0.0,0.0,0.0,0.0,0.0,0.0,0.0,0.1,0.3
126,2736,Luol Deng,2.9,0.0,0.0,0.0,0.0,0.1,0.0,0.0,0.0,0.1
127,1627767,Cheick Diallo,2.1,0.0,0.0,0.0,0.0,1.0,0.0,0.0,0.0,1.0
128,203476,Gorgui Dieng,4.0,0.0,0.0,0.0,0.1,0.2,0.0,0.1,0.1,0.3
129,203915,Spencer Dinwiddie,2.3,0.0,0.0,0.0,0.3,0.4,0.0,0.0,0.4,0.3
134,201609,Goran Dragic,7.3,0.0,0.1,0.2,0.2,0.4,0.0,0.2,0.3,0.6
136,203083,Andre Drummond,6.0,0.0,0.0,0.2,0.3,0.4,0.0,0.2,0.3,0.4
137,201162,Jared Dudley,2.5,0.0,0.0,0.3,0.2,0.1,0.0,0.2,0.1,0.1
138,1627739,Kris Dunn,1.5,0.0,0.0,0.0,0.0,0.0,0.0,0.0,0.0,0.0
139,201142,Kevin Durant,8.9,0.0,0.2,0.4,0.8,0.6,0.1,0.2,0.7,1.0
140,204067,Jarell Eddie,1.2,0.0,0.0,0.0,0.0,0.0,0.0,0.0,0.0,0.0
141,1627740,Henry Ellenson,1.2,0.0,0.0,0.0,0.5,1.0,0.0,0.0,0.5,1.0
142,201961,Wayne Ellington,3.7,0.0,0.0,0.0,0.2,0.3,0.0,0.0,0.1,0.2
143,203954,Joel Embiid,6.5,0.0,0.0,0.2,0.4,0.4,0.0,0.2,0.6,0.7
144,203898,Tyler Ennis,1.7,0.0,0.0,0.0,0.5,0.2,0.0,0.0,0.3,0.2
145,203516,James Ennis III,2.3,0.0,0.0,0.0,0.1,0.1,0.0,0.0,0.0,0.1
147,201936,Tyreke Evans,3.8,0.0,0.0,0.0,0.0,0.3,0.0,0.0,0.1,0.4
148,202702,Kenneth Faried,3.7,0.0,0.0,0.0,0.0,0.0,0.0,0.0,0.0,0.1
149,202324,Derrick Favors,4.1,0.0,0.0,0.0,0.8,0.6,0.0,0.0,0.4,0.3
150,1627770,Kay Felder,1.5,0.0,0.0,0.0,0.0,0.0,0.0,0.0,0.0,1.0
151,1626245,Cristiano Felicio,1.9,0.0,0.0,0.0,0.0,0.0,0.0,0.0,0.0,0.0
152,101109,Raymond Felton,2.8,0.0,0.0,0.0,0.0,0.0,0.0,0.0,0.0,0.1
154,1627812,Yogi Ferrell,3.5,0.0,0.0,0.0,0.1,0.2,0.1,0.1,0.1,0.3
155,1627827,Dorian Finney-Smith,1.5,0.0,0.0,0.0,0.0,0.0,0.0,0.0,0.0,0.0
156,1627854,Bryn Forbes,1.0,0.0,0.0,0.0,0.5,0.3,0.0,0.0,0.3,0.3
157,203095,Evan Fournier,6.0,0.0,0.1,0.3,0.5,0.7,0.1,0.2,0.5,0.8
159,204025,Tim Frazier,2.5,0.0,0.0,0.0,0.1,0.2,0.0,0.0,0.1,0.2
160,101112,Channing Frye,3.2,0.0,0.0,0.1,0.2,0.2,0.0,0.1,0.1,0.1
162,201568,Danilo Gallinari,5.3,0.0,0.2,0.1,0.1,0.2,0.1,0.1,0.2,0.4
163,204038,Langston Galloway,2.8,0.0,0.0,0.0,0.3,0.4,0.0,0.0,0.3,0.5
164,201188,Marc Gasol,7.2,0.1,0.2,0.2,0.4,0.5,0.2,0.2,0.5,0.8
165,2200,Pau Gasol,4.7,0.0,0.0,0.0,0.1,0.4,0.0,0.0,0.1,0.2
166,200752,Rudy Gay,6.7,0.0,0.0,0.0,0.3,0.4,0.0,0.0,0.3,0.5
167,202331,Paul George,8.3,0.1,0.1,0.2,0.9,1.0,0.1,0.3,1.1,1.4
168,1627875,Marcus Georges-Hunt,0.4,0.0,0.0,0.0,0.0,0.0,0.0,0.0,0.0,0.0
169,201959,Taj Gibson,4.7,0.0,0.0,0.0,0.1,0.1,0.0,0.0,0.1,0.2
170,1938,Manu Ginobili,2.5,0.0,0.0,0.1,0.1,0.1,0.0,0.1,0.0,0.1
171,203497,Rudy Gobert,5.1,0.3,0.3,0.4,0.4,0.4,0.3,0.4,0.5,0.6
172,203932,Aaron Gordon,4.9,0.0,0.0,0.2,0.1,0.2,0.0,0.1,0.1,0.2
173,201569,Eric Gordon,5.5,0.0,0.0,0.1,0.2,0.3,0.0,0.1,0.3,0.4
174,101162,Marcin Gortat,4.8,0.0,0.1,0.1,0.2,0.4,0.0,0.1,0.3,0.5
175,1626203,Treveon Graham,0.7,0.0,0.0,0.0,0.0,0.0,0.0,0.0,0.0,0.0
176,203924,Jerami Grant,1.9,0.0,0.0,0.0,0.0,0.1,0.0,0.0,0.0,0.2
177,1626170,Jerian Grant,2.0,0.0,0.0,0.0,0.1,0.2,0.0,0.0,0.1,0.2
179,201980,Danny Green,2.6,0.0,0.1,0.1,0.2,0.2,0.1,0.2,0.4,0.4
180,203110,Draymond Green,3.6,0.0,0.0,0.3,0.7,0.7,0.0,0.1,0.3,0.5
181,101123,Gerald Green,2.0,0.0,0.0,0.0,0.0,0.0,0.0,0.0,0.0,0.2
182,203210,JaMychal Green,3.2,0.0,0.0,0.1,0.2,0.3,0.0,0.1,0.2,0.3
183,201145,Jeff Green,3.2,0.0,0.1,0.1,0.2,0.3,0.1,0.1,0.3,0.3
184,201933,Blake Griffin,7.9,0.0,0.0,0.0,0.2,0.3,0.0,0.1,0.3,0.5
186,203501,Tim Hardaway Jr.,5.3,0.1,0.1,0.1,0.4,0.6,0.0,0.2,0.4,0.6
187,201935,James Harden,8.3,0.1,0.2,0.2,0.2,0.2,0.2,0.2,0.5,0.8
188,203090,Maurice Harkless,4.1,0.0,0.0,0.0,0.0,0.1,0.0,0.0,0.1,0.3
189,1626149,Montrezl Harrell,3.9,0.0,0.0,0.2,0.3,0.3,0.0,0.1,0.3,0.4
190,2734,Devin Harris,2.1,0.0,0.2,0.2,0.2,0.3,0.1,0.1,0.2,0.4
191,203914,Gary Harris,5.6,0.0,0.0,0.0,0.0,0.2,0.0,0.0,0.2,0.4
192,203925,Joe Harris,3.0,0.0,0.0,0.1,0.1,0.3,0.0,0.1,0.1,0.3
193,202699,Tobias Harris,6.2,0.1,0.1,0.1,0.3,0.3,0.1,0.1,0.3,0.3
194,1626150,Andrew Harrison,1.6,0.0,0.0,0.1,0.3,0.3,0.0,0.1,0.2,0.3
197,2617,Udonis Haslem,0.7,0.0,0.0,0.0,0.0,0.0,0.0,0.0,0.0,0.0
199,202330,Gordon Hayward,7.5,0.0,0.1,0.1,0.3,0.4,0.1,0.1,0.4,0.6
202,203089,John Henson,2.7,0.3,0.1,0.2,0.2,0.2,0.1,0.1,0.2,0.3
203,1627823,Juancho Hernangomez,1.6,0.0,0.0,0.0,0.3,0.2,0.0,0.0,0.3,0.2
204,1626195,Willy Hernangomez,3.4,0.0,0.0,0.0,0.3,0.3,0.0,0.1,0.5,0.6
205,1626209,Mario Hezonja,1.8,0.0,0.0,0.0,0.0,0.3,0.0,0.0,0.0,0.3
207,1627741,Buddy Hield,4.0,0.0,0.0,0.1,0.1,0.3,0.0,0.1,0.1,0.3
208,2403,Nene,3.7,0.0,0.0,0.1,0.2,0.2,0.0,0.1,0.3,0.3
209,201588,George Hill,5.9,0.0,0.0,0.1,0.1,0.2,0.0,0.1,0.2,0.4
211,201950,Jrue Holiday,6.0,0.0,0.0,0.1,0.3,0.7,0.0,0.1,0.4,0.7
212,203200,Justin Holiday,2.8,0.0,0.0,0.1,0.3,0.5,0.0,0.0,0.3,0.4
214,1626178,Rondae Hollis-Jefferson,3.0,0.0,0.0,0.0,0.1,0.2,0.0,0.0,0.0,0.2
215,1626158,Richaun Holmes,4.0,0.0,0.0,0.0,0.1,0.1,0.0,0.0,0.1,0.1
216,203918,Rodney Hood,4.6,0.3,0.3,0.2,0.2,0.2,0.3,0.2,0.3,0.3
218,201143,Al Horford,5.6,0.1,0.2,0.1,0.2,0.4,0.1,0.1,0.2,0.4
220,2730,Dwight Howard,5.2,0.0,0.0,0.2,0.2,0.3,0.0,0.2,0.3,0.4
224,201586,Serge Ibaka,6.0,0.2,0.2,0.2,0.2,0.3,0.1,0.2,0.2,0.3
225,2738,Andre Iguodala,2.9,0.0,0.0,0.0,0.1,0.1,0.0,0.0,0.1,0.1
226,101141,Ersan Ilyasova,4.7,0.0,0.0,0.1,0.2,0.2,0.0,0.1,0.2,0.2
227,204060,Joe Ingles,2.5,0.0,0.1,0.1,0.2,0.2,0.1,0.0,0.2,0.2
228,1627742,Brandon Ingram,3.5,0.0,0.0,0.1,0.1,0.1,0.0,0.1,0.0,0.1
229,202681,Kyrie Irving,9.3,0.1,0.1,0.5,0.8,1.2,0.1,0.4,0.7,1.1
236,202704,Reggie Jackson,5.5,0.0,0.0,0.0,0.3,0.4,0.3,0.4,0.7,0.7
237,2544,LeBron James,9.9,0.1,0.2,0.2,0.4,0.8,0.1,0.3,0.6,1.0
239,2744,Al Jefferson,3.6,0.0,0.0,0.0,0.0,0.0,0.0,0.0,0.0,0.0
240,2210,Richard Jefferson,1.9,0.0,0.0,0.0,0.1,0.2,0.0,0.0,0.1,0.1
241,201973,Jonas Jerebko,1.5,0.0,0.0,0.0,0.0,0.0,0.0,0.0,0.0,0.0
242,101161,Amir Johnson,2.7,0.0,0.0,0.0,0.2,0.3,0.0,0.0,0.1,0.3
245,201949,James Johnson,4.8,0.0,0.1,0.1,0.2,0.2,0.1,0.0,0.2,0.3
246,2207,Joe Johnson,3.5,0.0,0.0,0.2,0.3,0.4,0.0,0.2,0.4,0.6
247,1626169,Stanley Johnson,1.7,0.0,0.0,0.1,0.1,0.3,0.0,0.1,0.1,0.3
248,204020,Tyler Johnson,4.9,0.0,0.1,0.2,0.3,0.5,0.1,0.1,0.4,0.6
249,202325,Wesley Johnson,1.1,0.0,0.0,0.0,0.0,0.0,0.0,0.0,0.0,0.0
250,203999,Nikola Jokic,6.8,0.0,0.0,0.0,0.3,0.6,0.0,0.0,0.3,0.6
253,1626145,Tyus Jones,1.3,0.0,0.3,0.1,0.1,0.1,0.1,0.1,0.1,0.1
254,1627884,Derrick Jones Jr.,2.1,0.0,0.0,0.0,0.0,0.0,0.0,0.0,0.0,0.0
255,201599,DeAndre Jordan,5.1,0.0,0.0,0.3,0.4,0.6,0.2,0.3,0.5,0.8
256,202709,Cory Joseph,3.7,0.0,0.0,0.0,0.1,0.0,0.0,0.0,0.2,0.2
257,1626163,Frank Kaminsky,4.3,0.0,0.0,0.0,0.2,0.2,0.0,0.0,0.3,0.5
258,202683,Enes Kanter,5.6,0.0,0.0,0.0,0.2,0.3,0.1,0.1,0.3,0.4
260,203077,Michael Kidd-Gilchrist,3.6,0.0,0.1,0.1,0.2,0.3,0.0,0.0,0.2,0.2
261,203930,Sean Kilpatrick,4.4,0.0,0.0,0.1,0.3,0.5,0.1,0.2,0.3,0.6
265,2594,Kyle Korver,3.6,0.0,0.0,0.1,0.3,0.3,0.0,0.0,0.3,0.3
266,201585,Kosta Koufos,3.0,0.0,0.0,0.0,0.0,0.0,0.0,0.0,0.1,0.2
268,1627851,Mindaugas Kuzminskas,2.3,0.0,0.0,0.0,0.3,0.2,0.0,0.0,0.3,0.3
269,203897,Zach LaVine,6.9,0.0,0.0,0.2,0.2,0.2,0.0,0.2,0.3,0.4
270,1627746,Skal Labissiere,3.5,0.0,0.0,0.0,0.0,0.0,0.0,0.0,0.5,1.0
271,203087,Jeremy Lamb,3.6,0.0,0.0,0.3,0.3,0.3,0.2,0.3,0.3,0.5
273,203530,Joffrey Lauvergne,2.1,0.0,0.0,0.0,0.0,0.1,0.0,0.0,0.0,0.1
274,1627774,Jake Layman,0.7,0.0,0.3,0.3,0.3,0.3,0.3,0.3,0.3,0.3
275,1627747,Caris LeVert,3.0,0.0,0.0,0.0,0.1,0.2,0.0,0.0,0.1,0.2
277,201584,Courtney Lee,4.2,0.1,0.1,0.1,0.1,0.3,0.2,0.1,0.2,0.3
279,203458,Alex Len,3.0,0.0,0.0,0.0,0.0,0.0,0.0,0.0,0.0,0.0
280,202695,Kawhi Leonard,8.6,0.3,0.3,0.4,0.8,0.9,0.3,0.3,0.8,1.0
281,203086,Meyers Leonard,2.0,0.2,0.1,0.1,0.2,0.2,0.1,0.1,0.1,0.1
282,202720,Jon Leuer,4.1,0.0,0.0,0.0,0.0,0.0,0.0,0.1,0.1,0.1
283,202732,DeAndre Liggins,0.9,0.0,0.0,0.0,0.0,0.0,0.0,0.0,0.0,0.0
284,203081,Damian Lillard,8.8,0.2,0.2,0.3,0.5,0.7,0.1,0.3,0.7,1.1
285,202391,Jeremy Lin,4.9,0.0,0.0,0.3,0.5,0.6,0.0,0.3,0.5,0.6
286,2733,Shaun Livingston,2.3,0.0,0.3,0.3,0.3,0.1,0.2,0.2,0.1,0.2
288,201572,Brook Lopez,7.4,0.1,0.1,0.1,0.3,0.5,0.1,0.1,0.4,0.6
289,201577,Robin Lopez,4.7,0.0,0.0,0.1,0.1,0.1,0.0,0.0,0.1,0.1
290,201567,Kevin Love,6.2,0.0,0.0,0.2,0.4,0.5,0.1,0.2,0.5,0.6
291,200768,Kyle Lowry,7.1,0.1,0.1,0.3,0.4,0.7,0.1,0.3,0.7,1.0
292,1627789,Timothe Luwawu-Cabarrot,2.1,0.0,0.0,0.0,0.2,0.3,0.0,0.0,0.2,0.3
294,1626168,Trey Lyles,2.2,0.0,0.0,0.0,0.0,0.0,0.0,0.0,0.0,0.1
295,202714,Shelvin Mack,3.1,0.0,0.0,0.0,0.1,0.1,0.0,0.1,0.4,0.4
297,101133,Ian Mahinmi,2.1,0.0,0.0,0.0,0.0,0.2,0.0,0.0,0.0,0.1
298,1627748,Thon Maker,1.5,0.0,0.0,0.3,0.7,0.7,0.0,0.3,0.7,1.0
299,1626246,Boban Marjanovic,2.1,0.0,0.0,0.3,1.3,1.3,0.0,0.3,1.0,1.0
301,1626185,Jarell Martin,1.4,0.0,0.0,0.0,0.0,0.1,0.0,0.0,0.0,0.1
304,202083,Wesley Matthews,4.6,0.1,0.1,0.1,0.3,0.3,0.1,0.1,0.2,0.3
305,201601,Luc Mbah a Moute,2.4,0.0,0.0,0.0,0.0,0.0,0.0,0.0,0.0,0.0
306,203949,James Michael McAdoo,1.2,0.0,0.0,0.0,0.5,0.5,0.0,0.0,0.3,0.3
307,1627775,Patrick McCaw,1.5,0.0,0.0,0.0,0.0,0.0,0.0,0.0,0.0,0.1
308,203468,CJ McCollum,8.7,0.1,0.2,0.4,0.6,0.9,0.1,0.4,0.7,1.2
309,204456,T.J. McConnell,2.9,0.2,0.2,0.2,0.3,0.3,0.1,0.2,0.3,0.4
311,1626191,Chris McCullough,1.0,0.0,0.0,0.0,0.0,0.0,0.0,0.0,0.0,0.0
312,203926,Doug McDermott,3.4,0.0,0.0,0.1,0.2,0.2,0.0,0.1,0.2,0.3
313,201580,JaVale McGee,2.7,0.0,0.0,0.0,0.0,0.0,0.0,0.0,1.0,1.0
314,203585,Rodney McGruder,2.4,0.0,0.1,0.1,0.2,0.3,0.1,0.1,0.3,0.3
317,203463,Ben McLemore,3.0,0.0,0.0,0.0,0.2,0.2,0.0,0.0,0.1,0.3
318,201177,Josh McRoberts,2.0,0.0,0.0,0.0,0.0,0.0,0.0,0.0,0.0,0.0
319,201975,Jodie Meeks,2.9,0.0,0.0,0.0,0.0,0.0,0.0,0.0,0.0,0.0
320,1626257,Salah Mejri,1.2,0.0,0.0,0.0,0.0,0.1,0.0,0.0,0.0,0.1
321,1626175,Jordan Mickey,0.6,0.0,0.0,0.0,0.0,0.0,0.0,0.0,0.0,0.0
322,203114,Khris Middleton,5.2,0.0,0.0,0.3,0.4,0.4,0.0,0.1,0.3,0.4
323,101139,CJ Miles,3.7,0.0,0.0,0.1,0.2,0.2,0.0,0.1,0.2,0.3
326,201988,Patty Mills,3.4,0.0,0.1,0.2,0.3,0.4,0.1,0.1,0.3,0.7
327,200794,Paul Millsap,6.2,0.3,0.4,0.4,0.5,0.7,0.3,0.4,0.5,0.7
328,202703,Nikola Mirotic,3.7,0.0,0.0,0.1,0.2,0.3,0.1,0.1,0.2,0.3
332,202328,Greg Monroe,4.8,0.0,0.1,0.1,0.2,0.2,0.1,0.1,0.3,0.4
335,202734,E'Twaun Moore,3.9,0.0,0.0,0.0,0.0,0.1,0.0,0.0,0.0,0.1
338,202694,Marcus Morris,5.3,0.1,0.1,0.1,0.4,0.5,0.1,0.1,0.4,0.7
339,202693,Markieff Morris,5.3,0.1,0.1,0.1,0.2,0.3,0.1,0.2,0.4,0.5
342,202389,Timofey Mozgov,3.1,0.0,0.0,0.0,0.0,0.0,0.0,0.0,0.2,0.1
343,1626144,Emmanuel Mudiay,3.8,0.2,0.1,0.1,0.3,0.5,0.1,0.1,0.3,0.5
344,203498,Shabazz Muhammad,3.7,0.0,0.0,0.0,0.3,0.7,0.0,0.0,0.3,0.6
346,1627749,Dejounte Murray,1.3,0.0,0.0,0.0,0.3,0.4,0.0,0.0,0.2,0.3
347,1627750,Jamal Murray,3.6,0.0,0.0,0.0,0.0,0.0,0.0,0.0,0.1,0.1
348,203488,Mike Muscala,2.4,0.0,0.0,0.1,0.3,0.2,0.0,0.1,0.2,0.1
350,1626204,Larry Nance Jr.,3.0,0.0,0.0,0.1,0.2,0.3,0.0,0.2,0.4,0.4
351,203894,Shabazz Napier,1.4,0.0,0.0,0.0,0.1,0.3,0.0,0.0,0.1,0.3
352,2749,Jameer Nelson,3.6,0.0,0.2,0.2,0.3,0.2,0.2,0.1,0.4,0.3
353,203526,Raul Neto,1.0,0.0,0.0,0.0,0.0,0.0,0.0,0.0,0.0,0.0
355,201149,Joakim Noah,2.2,0.0,0.0,0.0,0.0,0.3,0.0,0.0,0.0,0.2
356,203457,Nerlens Noel,3.6,0.0,0.0,0.0,0.1,0.2,0.1,0.2,0.2,0.2
357,203512,Lucas Nogueira,1.8,0.0,0.0,0.0,0.1,0.1,0.0,0.0,0.2,0.2
358,1717,Dirk Nowitzki,5.5,0.3,0.2,0.5,0.6,0.7,0.1,0.3,0.4,0.5
360,203994,Jusuf Nurkic,4.2,0.0,0.0,0.1,0.3,0.5,0.0,0.2,0.3,0.6
361,1628021,David Nwaba,2.4,0.0,0.0,0.0,0.0,0.2,0.0,0.2,0.2,0.3
364,203124,Kyle O'Quinn,2.7,0.0,0.0,0.0,0.0,0.4,0.0,0.0,0.1,0.5
367,1626143,Jahlil Okafor,4.8,0.3,0.2,0.3,0.5,0.5,0.2,0.3,0.5,0.4
368,203506,Victor Oladipo,6.1,0.1,0.1,0.2,0.3,0.4,0.0,0.1,0.3,0.5
369,203482,Kelly Olynyk,3.5,0.0,0.0,0.0,0.0,0.0,0.0,0.0,0.1,0.1
371,1626162,Kelly Oubre Jr.,2.4,0.0,0.0,0.0,0.0,0.0,0.0,0.0,0.1,0.1
372,2585,Zaza Pachulia,2.3,0.0,0.0,0.0,0.0,0.0,0.0,0.0,0.0,0.0
374,1627834,Georgios Papagiannis,2.5,0.0,0.0,1.0,0.5,0.5,0.0,1.0,0.7,0.7
375,203953,Jabari Parker,7.8,0.0,0.1,0.1,0.5,0.6,0.1,0.1,0.5,0.6
376,2225,Tony Parker,4.2,0.0,0.0,0.0,0.1,0.1,0.2,0.2,0.2,0.3
377,202718,Chandler Parsons,2.2,0.0,0.0,0.0,0.0,0.0,0.0,0.0,0.0,0.0
378,202335,Patrick Patterson,2.4,0.0,0.0,0.1,0.1,0.2,0.0,0.1,0.1,0.2
380,101108,Chris Paul,6.1,0.1,0.1,0.3,0.3,0.5,0.1,0.1,0.3,0.5
381,203940,Adreian Payne,1.3,0.0,0.0,0.0,0.0,0.0,0.0,0.0,0.0,0.0
382,1626166,Cameron Payne,2.1,0.0,0.0,0.0,0.0,0.0,0.0,0.0,0.0,0.0
383,203901,Elfrid Payton,5.2,0.0,0.0,0.2,0.3,0.4,0.1,0.2,0.4,0.6
387,1627850,Marshall Plumlee,0.8,0.0,0.0,0.0,1.0,1.0,0.0,0.0,1.0,0.5
388,203486,Mason Plumlee,4.1,0.0,0.0,0.1,0.2,0.3,0.1,0.1,0.2,0.4
389,203101,Miles Plumlee,1.0,0.0,0.0,0.0,0.0,0.0,0.0,0.0,0.0,0.0
390,1627751,Jakob Poeltl,1.2,0.0,0.0,0.0,0.0,0.0,0.0,0.0,0.0,0.3
392,203490,Otto Porter Jr.,5.2,0.0,0.0,0.0,0.3,0.3,0.0,0.1,0.3,0.3
393,1626171,Bobby Portis,2.9,0.0,0.0,0.0,0.2,0.2,0.0,0.1,0.3,0.2
394,204001,Kristaps Porzingis,6.7,0.0,0.0,0.1,0.4,0.6,0.0,0.2,0.4,0.5
395,203939,Dwight Powell,2.5,0.0,0.0,0.1,0.1,0.3,0.0,0.1,0.1,0.2
396,1626181,Norman Powell,3.0,0.1,0.1,0.1,0.1,0.2,0.1,0.1,0.2,0.3
397,1627816,Alex Poythress,4.2,0.0,0.0,0.0,2.0,2.0,0.0,0.0,2.0,2.0
398,1627752,Taurean Prince,1.9,0.0,0.0,0.0,0.0,0.2,0.0,0.0,0.0,0.1
402,203944,Julius Randle,5.1,0.0,0.0,0.1,0.3,0.4,0.0,0.1,0.3,0.4
403,2216,Zach Randolph,5.9,0.1,0.1,0.1,0.4,0.6,0.1,0.1,0.5,0.7
405,200755,JJ Redick,5.1,0.0,0.0,0.0,0.1,0.3,0.0,0.0,0.1,0.3
407,203186,Willie Reed,2.3,0.0,0.0,0.0,0.0,0.0,0.0,0.0,0.0,0.3
408,1626196,Josh Richardson,3.8,0.1,0.1,0.1,0.2,0.1,0.1,0.2,0.3,0.2
410,203085,Austin Rivers,4.4,0.0,0.0,0.0,0.1,0.1,0.0,0.0,0.1,0.2
411,203460,Andre Roberson,2.7,0.0,0.0,0.0,0.1,0.2,0.0,0.0,0.1,0.2
412,203922,Glenn Robinson III,2.3,0.2,0.1,0.1,0.1,0.1,0.1,0.1,0.1,0.2
413,200765,Rajon Rondo,3.3,0.0,0.0,0.0,0.2,0.2,0.0,0.1,0.2,0.2
414,201565,Derrick Rose,7.2,0.0,0.0,0.2,0.4,0.6,0.1,0.3,0.6,0.7
415,203082,Terrence Ross,4.2,0.0,0.0,0.1,0.1,0.3,0.0,0.1,0.1,0.4
416,1626179,Terry Rozier,2.0,0.2,0.2,0.1,0.1,0.1,0.1,0.1,0.1,0.1
417,201937,Ricky Rubio,3.5,0.1,0.1,0.1,0.2,0.3,0.0,0.1,0.2,0.2
418,1626156,D'Angelo Russell,5.6,0.2,0.2,0.1,0.3,0.4,0.1,0.1,0.3,0.4
419,1627734,Domantas Sabonis,2.4,0.0,0.0,0.0,0.0,0.1,0.0,0.0,0.0,0.1
421,203967,Dario Saric,4.7,0.0,0.0,0.1,0.3,0.6,0.0,0.1,0.4,0.6
422,203107,Tomas Satoransky,1.1,0.0,0.0,0.0,0.0,0.0,0.0,0.0,0.0,0.0
423,203471,Dennis Schroder,6.9,0.1,0.2,0.4,0.7,0.8,0.2,0.3,0.7,0.8
425,200757,Thabo Sefolosha,2.8,0.0,0.0,0.0,0.1,0.2,0.0,0.0,0.1,0.2
426,1627782,Wayne Selden,1.8,0.0,0.0,0.0,0.0,0.0,0.0,0.0,0.0,0.0
427,201196,Ramon Sessions,2.0,0.0,0.0,0.0,0.0,0.0,0.0,0.0,0.0,0.0
428,202697,Iman Shumpert,2.6,0.0,0.0,0.0,0.0,0.1,0.0,0.0,0.0,0.1
429,1627783,Pascal Siakam,1.9,0.0,0.0,0.0,0.0,0.0,0.0,0.0,0.0,0.0
431,203613,Jonathon Simmons,2.3,0.0,0.0,0.0,0.0,0.1,0.0,0.0,0.1,0.3
433,202713,Kyle Singler,1.1,0.0,0.0,0.0,0.0,0.0,0.0,0.0,0.0,0.0
434,203935,Marcus Smart,3.4,0.0,0.0,0.1,0.2,0.2,0.0,0.1,0.2,0.3
435,202397,Ish Smith,4.1,0.0,0.1,0.2,0.3,0.5,0.1,0.2,0.4,0.5
436,2747,JR Smith,3.0,0.3,0.3,0.1,0.4,0.3,0.2,0.3,0.5,0.7
437,201160,Jason Smith,2.4,0.0,0.0,0.0,0.0,0.0,0.0,0.0,0.0,0.0
440,203503,Tony Snell,3.1,0.0,0.0,0.1,0.2,0.2,0.0,0.1,0.1,0.1
441,201578,Marreese Speights,3.0,0.0,0.0,0.0,0.2,0.2,0.0,0.0,0.1,0.1
442,203917,Nik Stauskas,3.1,0.0,0.0,0.1,0.2,0.2,0.0,0.2,0.2,0.2
443,202362,Lance Stephenson,3.0,0.5,0.3,0.3,0.3,0.4,0.3,0.3,0.3,0.4
447,1627819,Isaiah Taylor,0.3,0.0,0.0,0.0,0.0,0.0,0.0,0.0,0.0,0.5
448,201952,Jeff Teague,4.9,0.0,0.0,0.1,0.2,0.3,0.0,0.0,0.2,0.3
449,203141,Mirza Teletovic,2.2,0.0,0.0,0.0,0.0,0.0,0.0,0.0,0.0,0.1
450,202066,Garrett Temple,2.8,0.0,0.0,0.1,0.1,0.1,0.0,0.0,0.1,0.1
452,1891,Jason Terry,1.4,0.0,0.0,0.0,0.0,0.0,0.0,0.0,0.0,0.0
454,202738,Isaiah Thomas,9.0,0.2,0.2,0.3,0.8,1.1,0.1,0.3,1.0,1.5
455,202498,Lance Thomas,2.1,0.0,0.0,0.0,0.2,0.2,0.0,0.0,0.1,0.2
456,202691,Klay Thompson,8.3,0.0,0.1,0.1,0.1,0.3,0.2,0.2,0.3,0.5
457,202684,Tristan Thompson,3.4,0.0,0.0,0.0,0.0,0.3,0.0,0.0,0.0,0.2
459,201229,Anthony Tolliver,2.4,0.0,0.0,0.0,0.0,0.0,0.0,0.0,0.1,0.1
460,1626157,Karl-Anthony Towns,9.8,0.0,0.0,0.1,0.4,0.6,0.0,0.2,0.5,0.8
461,200782,PJ Tucker,2.5,0.0,0.1,0.1,0.1,0.1,0.0,0.0,0.1,0.2
462,202323,Evan Turner,3.6,0.0,0.0,0.3,0.3,0.2,0.0,0.2,0.2,0.3
463,1626167,Myles Turner,5.5,0.0,0.0,0.0,0.3,0.5,0.1,0.1,0.3,0.5
465,1627755,Tyler Ulis,3.0,0.5,0.5,0.1,0.1,0.2,0.5,0.1,0.1,0.2
466,202685,Jonas Valanciunas,4.9,0.0,0.1,0.1,0.1,0.1,0.1,0.1,0.2,0.3
467,1627756,Denzel Valentine,1.8,0.0,0.0,0.0,0.0,0.0,0.0,0.0,0.0,0.1
468,1627832,Fred VanVleet,1.1,0.0,0.0,0.0,0.5,0.3,0.0,0.0,0.5,0.3
469,1626173,Rashad Vaughn,1.4,0.0,0.0,0.0,0.0,0.0,0.0,0.0,0.0,1.0
470,203943,Noah Vonleh,1.8,0.5,0.5,1.0,1.0,1.0,0.5,0.7,0.8,0.8
471,202696,Nikola Vucevic,6.4,0.0,0.1,0.1,0.1,0.3,0.1,0.1,0.3,0.6
472,2548,Dwyane Wade,6.9,0.0,0.1,0.1,0.2,0.5,0.2,0.2,0.5,0.9
473,203079,Dion Waiters,6.1,0.2,0.3,0.3,0.4,0.5,0.3,0.4,0.5,0.6
474,202689,Kemba Walker,8.1,0.0,0.1,0.5,0.6,0.8,0.2,0.5,0.8,1.1
475,202322,John Wall,8.3,0.1,0.2,0.2,0.4,0.5,0.1,0.2,0.6,0.9
478,203933,TJ Warren,6.1,0.1,0.1,0.1,0.3,0.4,0.1,0.1,0.3,0.4
482,2561,David West,2.0,0.0,0.0,0.0,0.0,0.0,0.0,0.0,0.0,0.0
483,201566,Russell Westbrook,10.2,0.4,0.4,0.8,1.5,1.8,0.4,0.8,1.7,2.1
485,1627855,Okaro White,0.9,0.0,0.0,0.5,0.5,0.3,0.0,0.3,0.5,0.4
487,1627785,Isaiah Whitehead,2.8,0.0,0.0,0.2,0.2,0.2,0.0,0.1,0.2,0.2
488,202355,Hassan Whiteside,7.0,0.1,0.1,0.1,0.3,0.4,0.1,0.1,0.2,0.5
489,203952,Andrew Wiggins,8.6,0.1,0.1,0.2,0.5,0.7,0.1,0.2,0.6,0.9
493,101150,Lou Williams,5.3,0.0,0.0,0.1,0.2,0.4,0.0,0.0,0.2,0.5
494,101107,Marvin Williams,3.9,0.0,0.0,0.0,0.1,0.2,0.1,0.1,0.3,0.3
495,1627786,Troy Williams,2.4,0.0,0.0,0.0,0.0,0.0,0.0,0.0,0.0,0.0
499,1626159,Justise Winslow,4.4,0.0,0.0,0.0,0.3,0.4,0.0,0.0,0.4,0.6
500,203481,Jeff Withey,1.1,0.0,0.0,0.0,0.0,0.0,0.0,0.0,0.5,0.5
502,201148,Brandan Wright,3.0,0.0,0.0,0.0,0.5,0.3,0.0,0.0,0.3,0.2
503,1626153,Delon Wright,1.8,0.0,0.0,0.0,0.0,0.0,0.0,0.0,1.0,1.0
505,203923,James Young,0.9,0.0,0.0,0.0,0.0,0.0,0.0,0.0,0.0,0.0
507,201156,Nick Young,4.5,0.2,0.2,0.1,0.1,0.1,0.1,0.1,0.1,0.3
508,201152,Thaddeus Young,4.9,0.1,0.1,0.1,0.1,0.1,0.1,0.0,0.1,0.2
509,203469,Cody Zeller,4.1,0.2,0.1,0.2,0.3,0.3,0.1,0.2,0.2,0.3
510,203092,Tyler Zeller,1.5,0.0,0.0,0.0,0.0,0.0,0.0,0.0,0.0,0.0
511,1627835,Paul Zipser,2.0,0.0,0.0,0.0,0.0,0.0,0.0,0.0,0.1,0.1
513,1627826,Ivica Zubac,3.3,0.0,0.0,0.0,0.3,0.3,0.0,0.0,0.5,0.5
